customer,order_date,country,payment_type,product,quantity,total_price,unit_price,unit_cost
cust1,20211009,Portugal,cash,1,3,90,30,15
cust1,20211009,Portugal,card,3,1,40,40,20
cust1,20211009,Portugal,card,3,1,40,40,20
cust11,20211009,Portugal,cash,1,3,90,30,15
cust11,20211009,Portugal,card,3,1,40,40,20
cust11,20211009,Portugal,card,4,1,40,40,20
cust2,20211010,Portugal,voucher,4,3,105,35,12
cust3,20211011,Portugal,cash,5,5,175,35,15
cust4,20211012,Portugal,card,7,2,80,40,20
cust4,20211013,Portugal,card,2,1,41,41,20
cust5,20211014,Portugal,card,3,2,222222,111111,20
cust5,20211014,Portugal,card,3,2,222,111,20
cust6,20211015,Portugal,cash,4,3,135,45,20
cust7,20211016,Belgium,cash,6,4,128,32,20
cust7,20211016,Belgium,cash,8,3,132,44,22
cust7,20211016,Belgium,cash,9,4,264,66,31
cust7,20211016,Belgium,cash,10,5,245,49,17
cust8,20211017,Belgium,card,7,5,200,40,20
cust9,20211018,Belgium,cash,7,1,50,50,20
cust77,20211016,Belgium,cash,10,5,245,49,17
cust88,20211017,Belgium,card,7,5,200,40,20
cust99,20211018,Belgium,cash,7,1,50,50,20
