﻿Atelier graphique;1;2003;941513
Signal Gift Stores;1;2003;3679888
Australian Collectors, Co.;1;2003;19608
La Rochelle Gifts;1;2003;236029
Baane Mini Imports;1;2003;10124459
Mini Gifts Distributors Ltd.;2;2003;3142821
Havel & Zbyszek Co;2;2003;3381834
Blauer See Auto, Co.;2;2003;2022004
Mini Wheels Co.;3;2003;2999709
Land of Toys Inc.;3;2003;3396773
Euro+ Shopping Channel;3;2003;4737592
Volvo Model Replicas, Co;3;2003;3760248
Danish Wholesale Imports;3;2003;7502013
Saveley & Henriot, Co.;3;2003;5282529
Dragon Souveniers, Ltd.;4;2003;663136
Muscle Machine Inc;4;2003;2333306
Diecast Classics Inc.;4;2003;3625103
Technics Stores Inc.;4;2003;1518363
Handji Gifts& Co;4;2003;1208152
Herkku Gifts;4;2003;5879353
American Souvenirs Inc;4;2003;8541087
Porto Imports Co.;5;2003;31014
Daedalus Designs Imports;5;2003;5926514
La Corne D\'abondance, Co.;5;2003;4438015
Cambridge Collectables Co.;5;2003;3765409
Gift Depot Inc.;5;2003;4548079
Osaka Souveniers Co.;5;2003;1219085
Vitachrome Inc.;6;2003;589938
Toys of Finland, Co.;6;2003;345275
AV Stores, Co.;6;2003;2064424
Clover Collections, Co.;6;2003;1735953
Auto-Moto Classics Inc.;6;2003;1419112
UK Collectables, Ltd.;6;2003;3515775
Canadian Gift Exchange Network;6;2003;2907038
Online Mini Collectables;7;2003;3878548
Toys4GrownUps.com;7;2003;4715911
Asian Shopping Network, Co;7;2003;1888831
Mini Caravy;7;2003;243425
King Kong Collectables, Co.;7;2003;5074365
Enaco Distributors;7;2003;446585
Boards & Toys Co.;7;2003;2832283
Natürlich Autos;8;2003;162756
Heintze Collectables;8;2003;3582633
Québec Home Shopping Network;8;2003;5120958
ANG Resellers;8;2003;4717759
Collectable Mini Designs Co.;8;2003;5082466
giftsbymail.co.uk;9;2003;2850078
Alpha Cognac;9;2003;2229262
Messner Shopping Network;9;2003;2260236
Amica Models & Co.;9;2003;471073
Lyon Souveniers;9;2003;4970552
Auto Associés & Cie.;9;2003;3550563
Toms Spezialitäten, Ltd;9;2003;1582284
Royal Canadian Collectables, Ltd.;9;2003;110443
Franken Gifts, Co;10;2003;4578534
Anna\'s Decorations, Ltd;10;2003;641984
Rovelli Gifts;10;2003;3460628
Souveniers And Things Co.;10;2003;3614038
Marta\'s Replicas Co.;10;2003;5021895
BG&E Collectables;10;2003;1950182
Vida Sport, Ltd;10;2003;4416092
Norway Gifts By Mail, Co.;10;2003;261184
Schuyler Imports;10;2003;3314556
Der Hund Imports;10;2003;4677052
Oulu Toy Supplies, Inc.;10;2003;2105369
Petit Auto;10;2003;1054901
Mini Classics;10;2003;8555912
Mini Creations Ltd.;10;2003;4689548
Corporate Gift Ideas Co.;10;2003;2624878
Down Under Souveniers, Inc;11;2003;3852429
Stylish Desk Decors, Co.;11;2003;2203791
Tekni Collectables Inc.;11;2003;2390824
Australian Gift Network, Co;11;2003;1367182
Suominen Souveniers;11;2003;4741133
Cramer Spezialitäten, Ltd;11;2003;3029377
Classic Gift Ideas, Inc;11;2003;282117
CAF Imports;11;2003;271219
Men \'R\' US Retailers, Ltd.;11;2003;463231
Asian Treasures, Inc.;11;2003;1253801
Marseille Mini Autos;11;2003;1392026
Reims Collectables;11;2003;5955138
SAR Distributors, Co;11;2003;3338314
GiftsForHim.com;11;2003;5100122
Kommission Auto;11;2003;2708378
Gifts4AllAges.com;11;2003;717866
Online Diecast Creations Co.;11;2003;575942
Lisboa Souveniers, Inc;11;2003;1792809
Precious Collectables;11;2003;3131009
Collectables For Less Inc.;11;2003;1703229
Royale Belge;11;2003;3728136
Salzburg Collectables;11;2003;8359804
Cruz & Sons Co.;11;2003;6123467
L\'ordine Souveniers;11;2003;3025375
Tokyo Collectables, Ltd;11;2003;2410181
Auto Canal+ Petit;11;2003;3272304
Stuttgart Collectable Exchange;11;2003;149138
Extreme Desk Decorations, Ltd;11;2003;3382062
Bavarian Collectables Imports, Co.;11;2003;965874
Classic Legends Inc.;11;2003;62766
Feuer Online Stores, Inc;12;2003;1513097
Gift Ideas Corp.;12;2003;1847371
Scandinavian Gift Ideas;12;2003;2942914
The Sharp Gifts Warehouse;12;2003;4097853
Mini Auto Werke;12;2003;3268031
Super Scale Inc.;12;2003;2796654
Microscale Inc.;12;2003;4961472
Corrida Auto Replicas, Ltd;12;2003;143799
Warburg Exchange;12;2003;2798847
FunGiftIdeas.com;1;2004;2031444
Anton Designs, Ltd.;1;2004;1899789
Australian Collectables, Ltd;1;2004;1253051
Frau da Collezione;1;2004;997785
West Coast Collectables Co.;1;2004;5115286
Mit Vergnügen & Co.;1;2004;4586403
Kremlin Collectables, Co.;1;2004;3503457
Raanan Stores, Inc;1;2004;830728
Iberia Gift Imports, Corp.;2;2004;2755051
Motor Mint Distributors Inc.;2;2004;347466
Signal Collectibles Ltd.;2;2004;387996
Double Decker Gift Stores, Ltd;2;2004;8502446
Diecast Collectables;2;2004;1184345
Kelly\'s Gift Shop;2;2004;5215181
Atelier graphique;2;2004;549478
Online Mini Collectables;2;2004;1670047
Oulu Toy Supplies, Inc.;2;2004;3813918
Amica Models & Co.;2;2004;3745577
Land of Toys Inc.;2;2004;2631163
Signal Collectibles Ltd.;3;2004;5311699
Diecast Classics Inc.;3;2004;5161902
Anton Designs, Ltd.;3;2004;880712
Schuyler Imports;3;2004;2880
UK Collectables, Ltd.;3;2004;2971686
West Coast Collectables Co.;3;2004;3652761
King Kong Collectables, Co.;3;2004;471427
Online Mini Collectables;3;2004;3515212
Toys of Finland, Co.;4;2004;4916516
Feuer Online Stores, Inc;4;2004;5983055
Microscale Inc.;4;2004;4665694
Der Hund Imports;4;2004;2393653
Online Mini Collectables;4;2004;5079969
FunGiftIdeas.com;4;2004;4233976
Herkku Gifts;4;2004;2341947
Stylish Desk Decors, Co.;4;2004;4101675
Classic Legends Inc.;4;2004;606678
Australian Gift Network, Co;4;2004;3264198
Diecast Collectables;5;2004;603696
Auto-Moto Classics Inc.;5;2004;2056486
Down Under Souveniers, Inc;5;2004;1243232
Cramer Spezialitäten, Ltd;5;2004;5563966
Amica Models & Co.;5;2004;4599407
Vida Sport, Ltd;5;2004;2401352
Der Hund Imports;5;2004;1162084
UK Collectables, Ltd.;5;2004;2392393
Schuyler Imports;6;2004;4678814
Franken Gifts, Co;6;2004;2035524
Natürlich Autos;6;2004;2299745
Raanan Stores, Inc;6;2004;3392424
Kommission Auto;6;2004;4278381
Classic Gift Ideas, Inc;6;2004;6507126
Signal Collectibles Ltd.;6;2004;3752758
Alpha Cognac;6;2004;2487908
Alpha Cognac;6;2004;746632
Double Decker Gift Stores, Ltd;6;2004;5884135
Raanan Stores, Inc;6;2004;3359458
Double Decker Gift Stores, Ltd;6;2004;3223947
Anton Designs, Ltd.;7;2004;3600571
Cramer Spezialitäten, Ltd;7;2004;44244
Salzburg Collectables;7;2004;1022383
The Sharp Gifts Warehouse;7;2004;585856
Messner Shopping Network;7;2004;2583314
Down Under Souveniers, Inc;7;2004;12016658
Warburg Exchange;7;2004;1690984
Classic Gift Ideas, Inc;7;2004;4751319
Reims Collectables;7;2004;5395921
Land of Toys Inc.;7;2004;982132
Anton Designs, Ltd.;7;2004;1457144
Rovelli Gifts;8;2004;4953937
Super Scale Inc.;8;2004;402062
Precious Collectables;8;2004;2499561
Franken Gifts, Co;8;2004;767825
Der Hund Imports;8;2004;61545
The Sharp Gifts Warehouse;8;2004;3580673
Online Mini Collectables;8;2004;3434108
Australian Collectables, Ltd;8;2004;4892764
Amica Models & Co.;8;2004;2550598
Collectables For Less Inc.;8;2004;1269219
Precious Collectables;8;2004;4313404
Amica Models & Co.;8;2004;1116544
Anton Designs, Ltd.;9;2004;142327
Kelly\'s Gift Shop;9;2004;1787632
Double Decker Gift Stores, Ltd;9;2004;3996463
Auto-Moto Classics Inc.;9;2004;4842569
Diecast Classics Inc.;9;2004;105743
Auto Canal+ Petit;9;2004;3854719
Royale Belge;9;2004;488099
Diecast Classics Inc.;9;2004;6384355
Precious Collectables;9;2004;2247417
Microscale Inc.;9;2004;4678166
Scandinavian Gift Ideas;9;2004;767494
Alpha Cognac;9;2004;4155473
Online Mini Collectables;10;2003;433693
Raanan Stores, Inc;10;2003;61402
GiftsForHim.com;10;2003;2839454
SAR Distributors, Co;10;2004;204525
The Sharp Gifts Warehouse;10;2004;397121
Auto Canal+ Petit;10;2004;761206
Royale Belge;10;2004;5034274
Salzburg Collectables;10;2004;2166598
Classic Legends Inc.;10;2004;4792419
The Sharp Gifts Warehouse;10;2004;4535247
Corrida Auto Replicas, Ltd;10;2004;3463814
Online Mini Collectables;10;2004;5002535
Auto-Moto Classics Inc.;10;2004;8226122
Online Mini Collectables;10;2004;3207744
Online Mini Collectables;10;2004;3542074
Australian Collectables, Ltd;10;2004;1690138
Precious Collectables;11;2004;351604
Corrida Auto Replicas, Ltd;11;2004;2000953
Microscale Inc.;11;2004;2494521
Reims Collectables;11;2004;4047386
Anton Designs, Ltd.;11;2004;52166
Classic Legends Inc.;11;2004;167992
Vida Sport, Ltd;11;2004;3616446
Amica Models & Co.;11;2004;11282
Precious Collectables;11;2004;5254849
Messner Shopping Network;11;2004;2508096
Australian Collectables, Ltd;11;2004;2216261
Frau da Collezione;11;2004;3644234
Raanan Stores, Inc;11;2004;3532197
Online Mini Collectables;11;2004;3334788
West Coast Collectables Co.;11;2004;4829899
Double Decker Gift Stores, Ltd;11;2004;2143231
Amica Models & Co.;11;2004;4952367
Schuyler Imports;11;2004;2928442
West Coast Collectables Co.;11;2004;3867513
Super Scale Inc.;11;2004;3772379
Anton Designs, Ltd.;11;2004;1532293
Precious Collectables;11;2004;395806
UK Collectables, Ltd.;11;2004;3253874
Atelier graphique;11;2004;6335713
Online Mini Collectables;11;2004;756508
The Sharp Gifts Warehouse;11;2004;8037524
UK Collectables, Ltd.;11;2004;1621259
Corrida Auto Replicas, Ltd;11;2004;3226016
Signal Collectibles Ltd.;11;2004;4489474
Scandinavian Gift Ideas;11;2004;3110285
Atelier graphique;11;2004;4508438
Corrida Auto Replicas, Ltd;11;2004;5374534
Corrida Auto Replicas, Ltd;11;2004;2615591
Australian Collectables, Ltd;12;2004;2204237
UK Collectables, Ltd.;12;2004;183456
Precious Collectables;12;2004;2227573
Corrida Auto Replicas, Ltd;12;2004;3183536
Diecast Classics Inc.;12;2004;1505976
Classic Legends Inc.;12;2004;444005
Double Decker Gift Stores, Ltd;12;2004;2984852
Corrida Auto Replicas, Ltd;12;2004;167614
Online Mini Collectables;12;2004;360924
Signal Collectibles Ltd.;12;2004;5713192
Scandinavian Gift Ideas;12;2004;3725894
Diecast Classics Inc.;12;2004;2630413
Atelier graphique;12;2004;3607047
Australian Collectables, Ltd;1;2005;1774626
Alpha Cognac;1;2005;4835587
Alpha Cognac;1;2005;4281383
Classic Gift Ideas, Inc;1;2005;3606926
SAR Distributors, Co;1;2005;4204477
Corrida Auto Replicas, Ltd;1;2005;1653785
Classic Gift Ideas, Inc;1;2005;3167037
Diecast Classics Inc.;1;2005;5542577
Signal Collectibles Ltd.;1;2005;731042
UK Collectables, Ltd.;1;2005;3944059
Australian Collectables, Ltd;1;2005;1257328
Collectables For Less Inc.;1;2005;830728
Scandinavian Gift Ideas;2;2005;3725895
Diecast Classics Inc.;2;2005;2630414
Online Mini Collectables;2;2005;3607048
Atelier graphique;2;2005;1774627
Online Mini Collectables;2;2005;4835588
UK Collectables, Ltd.;2;2005;4281384
Precious Collectables;2;2005;3606927
Corrida Auto Replicas, Ltd;2;2005;4204478
Messner Shopping Network;2;2005;1653786
Precious Collectables;2;2005;3167038
Double Decker Gift Stores, Ltd;2;2005;5542578
Corrida Auto Replicas, Ltd;2;2005;731043
Anton Designs, Ltd.;3;2005;3944060
Scandinavian Gift Ideas;3;2005;1257329
Messner Shopping Network;3;2005;982132
Corrida Auto Replicas, Ltd;3;2005;3725896
Precious Collectables;3;2005;2630415
Atelier graphique;3;2005;3607049
Frau da Collezione;3;2005;1774628
Diecast Classics Inc.;3;2005;4835589
Corrida Auto Replicas, Ltd;3;2005;4281385
Precious Collectables;3;2005;3606928
Messner Shopping Network;3;2005;4204479
Amica Models & Co.;3;2005;1653787
Atelier graphique;3;2005;3167039
Scandinavian Gift Ideas;4;2005;5542579
Precious Collectables;4;2005;731044
Amica Models & Co.;4;2005;3944061
Messner Shopping Network;4;2005;1257330
Raanan Stores, Inc;4;2005;61545
Online Mini Collectables;4;2005;3725897
Scandinavian Gift Ideas;4;2005;2630416
Atelier graphique;4;2005;3607050
Collectables For Less Inc.;4;2005;1774629
Frau da Collezione;4;2005;4835590
Precious Collectables;4;2005;4281386
Precious Collectables;4;2005;3606929
Atelier graphique;5;2005;4204480
Schuyler Imports;5;2005;1653788
Precious Collectables;5;2005;3167040
UK Collectables, Ltd.;5;2005;5542580
Microscale Inc.;5;2005;731045
UK Collectables, Ltd.;5;2005;3944062
Frau da Collezione;5;2005;1257331
Online Mini Collectables;5;2005;6507126
Scandinavian Gift Ideas;5;2005;3725898
Precious Collectables;5;2005;2630417
Corrida Auto Replicas, Ltd;5;2005;3607051
Amica Models & Co.;5;2005;1774630
SAR Distributors, Co;5;2005;4835591
Online Mini Collectables;5;2005;4281387
Frau da Collezione;5;2005;3606930
